{
    "setup_time": 10.444180965423584,
    "contribute_time": 2.329641103744507,
    "verify_time": 11.120067834854126,
    "beacon_time": 2.1984100341796875,
    "final_verify_time": 11.137730121612549,
    "export_verification_key_time": 0.19287610054016113
}